Annual Distance (miles/vehicle),2020.0
LDVs,15290.266416643
HDVs,30264.290920871
aircraft,173355.3316906
rail,0.0
ships,279.418960515
motorbikes,3014.556104939
