Annual Distance (miles/vehicle),2020.0
LDVs,13799.551859256
HDVs,60680.991939905
aircraft,168491.666668802
rail,33568.324120326
ships,0.0
motorbikes,0.0
