Annual Distance (miles/vehicle),2020.0
LDVs,15418.193732532
HDVs,17147.201206555
aircraft,1587224.343288459
rail,0.0
ships,263.466007585
motorbikes,2621.079353808
