Annual Distance (miles/vehicle),2020.0
LDVs,13755.857299953
HDVs,60956.089551144
aircraft,1880907.915759198
rail,33720.941936568
ships,0.0
motorbikes,0.0
