Annual Distance (miles/vehicle),2020.0
LDVs,15242.524500556
HDVs,30401.424006048
aircraft,1935202.382677383
rail,0.0
ships,278.793725848
motorbikes,3004.442654607
