Annual Distance (miles/vehicle),2020.0
LDVs,13451.705181074
HDVs,63003.502558025
aircraft,1239404.670034415
rail,33613.890409674
ships,0.0
motorbikes,0.0
