solar pv,Hour0,Hour1,Hour2,Hour3,Hour4,Hour5,Hour6,Hour7,Hour8,Hour9,Hour10,Hour11,Hour12,Hour13,Hour14,Hour15,Hour16,Hour17,Hour18,Hour19,Hour20,Hour21,Hour22,Hour23
Winter,0,0,0,0,0,0,0.0,0.0,0.00018331805682859762,0.024503513596089217,0.04402688664833486,0.05704246868316529,0.07815459822792545,0.06623892453406661,0.06232813932172319,0.05704246868316529,0.01646807210510235,0.0,0.0,0.0,0,0,0,0
Spring,0,0,0,0,0,0,0.0,0.0012221203788573174,0.024809043690803546,0.05331500152765047,0.11124350748548732,0.11222120378857318,0.14821264894592118,0.1661472655056523,0.16009776963030858,0.12523678582340358,0.09144515734799878,0.04375190956309196,0.0,0.0,0,0,0,0
Summer,0,0,0,0,0,0,0.007882676443629697,0.05438435685915063,0.10204705163458601,0.1372135655362053,0.21665139016193097,0.23534983195844789,0.2670638557897953,0.256034219370608,0.2026886648334861,0.1573479987778796,0.12343415826458906,0.08261533761075465,0.05261228230980751,0.0,0,0,0,0
Fall,0,0,0,0,0,0,0.0,0.0005805071799572257,0.03776351970669111,0.049740299419492824,0.05441490986862206,0.06581118240146655,0.056675832569508096,0.06523067522150931,0.044637946837763516,0.04032997250229148,0.03299725022914757,3.055300947143294e-05,0.0,0.0,0,0,0,0
Summer Peak,0,0,0,0,0,0,0.048365413993278344,0.248059883898564,0.4761686526122823,0.7131072410632447,0.7386495569813626,0.7249923617476322,0.7212648945921173,0.7086465016804155,0.7151237396883593,0.6942560342193707,0.6001527650473572,0.4048579285059578,0.11594867094408799,0.0008249312557286893,0,0,0,0
Winter Peak,0,0,0,0,0,0,0.0,0.0,0.003819126183929117,0.10928811487931561,0.07103574702108158,0.08945921173235565,0.11145737855178735,0.09046746104491293,0.0512985029025359,0.03782462572563398,0.11130461350443019,0.0,0.0,0.0,0,0,0,0
