Unit: dimensionless (ratio of electricity demand in this hour to annual demand),Hour0,Hour1,Hour2,Hour3,Hour4,Hour5,Hour6,Hour7,Hour8,Hour9,Hour10,Hour11,Hour12,Hour13,Hour14,Hour15,Hour16,Hour17,Hour18,Hour19,Hour20,Hour21,Hour22,Hour23
Winter,0,0,0,0.0,0.0,0.0,0.004866180048661801,0.05716747769667479,0.1499493106244931,0.1988442822384428,0.195904298459043,0.20154095701540964,0.21018856447688555,0.43248175182481746,0.3390409570154095,0.128294809407948,0.013848337388483371,0.0,0.0,0.0,0,0,0,0
Spring,0,0,0,1.3223315349624457e-05,0.0014810113191579396,0.007484396487887443,0.22134507563736378,0.33166719559928065,0.37634877816566176,0.38963821009203414,0.39409446736485776,0.39923833703586176,0.4101343488839524,0.5575743150322648,0.5367079234105573,0.4722971543425368,0.32450015867978405,0.19544060086744947,0.025811911562466937,1.3223315349624457e-05,0,0,0,0
Summer,0,0,0,0.00029091293769173816,0.004363694065376073,0.016463027610282448,0.3125330582883741,0.3835158150851583,0.41742039564159494,0.41694435628900867,0.4184253676081667,0.4134798476674071,0.42727176557706537,0.5513725801332909,0.5446683592510314,0.5123109065905003,0.42140061356183217,0.26466465672273365,0.07107532000423145,0.0024066433936316516,0,0,0,0
Fall,0,0,0,0.0,0.0,0.0,0.14512783694308162,0.2898568066690599,0.34689481871484984,0.34506002951617404,0.3435642774520363,0.3322364484862989,0.33712257189581585,0.47652666427346313,0.46505923178173986,0.33762115591719516,0.13190538869610305,0.06850544453751344,0.0,0.0,0,0,0,0
Summer Peak,0,0,0,0.0,0.0012165450121654502,0.0036496350364963502,0.1094890510948905,0.22992700729927004,0.28102189781021897,0.3102189781021898,0.26520681265206814,0.218978102189781,0.21411192214111924,0.4209245742092457,0.39537712895377125,0.36374695863746953,0.28588807785888076,0.12530413625304138,0.0012165450121654502,0.0,0,0,0,0
Winter Peak,0,0,0,0.0,0.0,0.0,0.0,0.046228710462287104,0.13746958637469586,0.08029197080291971,0.10583941605839414,0.13746958637469586,0.12287104622871045,0.20559610705596104,0.07785888077858881,0.009732360097323601,0.0,0.0,0.0,0.0,0,0,0,0
