solar pv,Hour0,Hour1,Hour2,Hour3,Hour4,Hour5,Hour6,Hour7,Hour8,Hour9,Hour10,Hour11,Hour12,Hour13,Hour14,Hour15,Hour16,Hour17,Hour18,Hour19,Hour20,Hour21,Hour22,Hour23
Winter,0,0,0,0,0,0.0,0.0,0.0016254737056512348,0.07869812018589095,0.29239417670359824,0.3942919474059424,0.38385568259175296,0.3768619915201998,0.39319150304726064,0.41137992399268875,0.39336865690042366,0.21873435498308855,0.036101060779048136,0.0,0.0,0.0,0,0,0
Spring,0,0,0,0,0,0.004451772738745201,0.09756671847394359,0.30339005565961286,0.5005954515867639,0.6122640444214188,0.6463299857862086,0.6623769577172915,0.6673597550445677,0.6687572231299566,0.6636216607553234,0.6520829182109222,0.5980157148740018,0.45485294703702217,0.19632201543591174,0.026181604431514766,0.0,0,0,0
Summer,0,0,0,0,0,0.015310218401340118,0.20466758676879096,0.4739600563299162,0.6189467288964747,0.6976368827501921,0.7359085657293565,0.7475067690719263,0.7537072740745422,0.7561357115514958,0.7530593395633377,0.7503397705363632,0.7187739463601532,0.6220968495281842,0.4041408107434214,0.12176954602442136,8.779600422825559e-06,0,0,0
Fall,0,0,0,0,0,0.0,0.007687838399623347,0.17191126604659082,0.4621984142487215,0.5851742773712391,0.6038005940306432,0.590087301468047,0.5820769034274464,0.5860528016107948,0.5996483899565748,0.594408799266728,0.48928641192468914,0.24458585646095993,0.036888501550189585,0.0,0.0,0,0,0
Summer Peak,0,0,0,0,0,0.014604338527344943,0.2400061106018943,0.5255973113351665,0.6679315612587841,0.8094836541399326,0.8248579285059577,0.8248823709135349,0.8146348915368165,0.8039352276199205,0.8208310418576229,0.8184967919340055,0.7774029941949281,0.6794439352276199,0.44512679498930646,0.14872593950504123,0.0,0,0,0
Winter Peak,0,0,0,0,0,0.0,0.0,0.000743456563804868,0.12446277625012729,0.4413840513290559,0.5318362358692331,0.48311437009878816,0.44832976881556164,0.45676239942967717,0.4767338832875039,0.4673642937162644,0.3119411345350851,0.05676239942967715,0.0,0.0,0.0,0,0,0
