natural gas peaker,Hour0,Hour1,Hour2,Hour3,Hour4,Hour5,Hour6,Hour7,Hour8,Hour9,Hour10,Hour11,Hour12,Hour13,Hour14,Hour15,Hour16,Hour17,Hour18,Hour19,Hour20,Hour21,Hour22,Hour23
Winter,0.0,0.0,0.0,0.0,0.0,0.0,0.0,0.0,0.0,0.0,0.0,0.0,0.0,0.0,0.0,0.0,0.0,0.0,0.0,0.0,0.0,0.0,0.0,0.0
Spring,0.10201712567368668,0.10201712567368668,0.10201712567368668,0.10201712567368668,0.10201712567368668,0.10201712567368668,0.10201712567368668,0.10201712567368668,0.10201712567368668,0.10201712567368668,0.10201712567368668,0.11190608760321229,0.11378969939931244,0.1286186998129497,0.13381640217482973,0.15052901438456712,0.20699294346105893,0.25132890035983063,0.23474067760832626,0.22074686355711073,0.17001373452064053,0.10201712567368668,0.10201712567368668,0.10201712567368668
Summer,0.20923042181937374,0.20923042181937374,0.20923042181937374,0.20923042181937374,0.20923042181937374,0.20923042181937374,0.20923042181937374,0.20923042181937374,0.20923042181937374,0.27271643197849665,0.3442356726668558,0.4422786674885883,0.5275436581936409,0.6179386417278898,0.7057122552999671,0.7044908284358726,0.7602066846211025,0.9103858153571421,0.6861318431094072,0.5717874974476457,0.3321811290773702,0.23040808452451844,0.23040808452451844,0.23040808452451844
Fall,0.0,0.0,0.0,0.0,0.0,0.0,0.0,0.0,0.0,0.0,0.0,0.0,0.0,0.0,0.0,0.0,0.00284085713510182,0.00284085713510182,0.00284085713510182,0.0,0.0,0.0,0.0,0.0
Summer Peak,0.0,0.0,0.0,0.0,0.0,0.0,0.0,0.0,0.0,0.0,0.0,0.0,0.0,0.0,0.0,0.0,0.0,0.0,0.0,0.0,0.0,0.0,0.0,0.0
Winter Peak,0.0,0.0,0.0,0.0,0.0,0.0,0.0,0.0,0.0,0.0,0.0,0.0,0.0,0.0,0.0,0.0,0.0,0.0,0.0,0.0,0.0,0.0,0.0,0.0
