solar pv dist,Hour0,Hour1,Hour2,Hour3,Hour4,Hour5,Hour6,Hour7,Hour8,Hour9,Hour10,Hour11,Hour12,Hour13,Hour14,Hour15,Hour16,Hour17,Hour18,Hour19,Hour20,Hour21,Hour22,Hour23
Winter,0,0,0,0.0,0.0,0.0,0.004887522943612071,0.054146924488837685,0.14469415631536267,0.1944978016818201,0.1933132710120801,0.19959875357493503,0.2089469415631536,0.42885345968327165,0.3370363256072053,0.12852691339053224,0.013381995133819952,0.0,0.0,0.0,0,0,0,0
Spring,0,0,0,1.3223315349624457e-05,0.0014810113191579396,0.007484396487887443,0.22134507563736378,0.33166719559928065,0.37634877816566176,0.38963821009203414,0.39409446736485776,0.39923833703586176,0.4101343488839524,0.5575743150322648,0.5367079234105573,0.4722971543425368,0.32450015867978405,0.19544060086744947,0.025811911562466937,1.3223315349624457e-05,0,0,0,0
Summer,0,0,0,0.00030763207204183806,0.004460665044606652,0.01677993120228207,0.31729451575915213,0.3873647118046817,0.41823978521688043,0.41622619347260664,0.4192046312610117,0.41517744777246396,0.4300696367144894,0.5524652515591353,0.5455994630422014,0.5142349749699359,0.42170763766535224,0.2658919931761614,0.07134267416170259,0.0025309729563442124,0,0,0,0
Fall,0,0,0,0.0,0.0,0.0,0.14512783694308162,0.2898568066690599,0.34689481871484984,0.34506002951617404,0.3435642774520363,0.3322364484862989,0.33712257189581585,0.47652666427346313,0.46505923178173986,0.33762115591719516,0.13190538869610305,0.06850544453751344,0.0,0.0,0,0,0,0
Summer Peak,0,0,0,0.0,0.0012165450121654502,0.0036496350364963502,0.1094890510948905,0.22992700729927004,0.28102189781021897,0.3102189781021898,0.26520681265206814,0.218978102189781,0.21411192214111924,0.4209245742092457,0.39537712895377125,0.36374695863746953,0.28588807785888076,0.12530413625304138,0.0012165450121654502,0.0,0,0,0,0
Winter Peak,0,0,0,0.0,0.0,0.0,0.0,0.046228710462287104,0.13746958637469586,0.08029197080291971,0.10583941605839414,0.13746958637469586,0.12287104622871045,0.20559610705596104,0.07785888077858881,0.009732360097323601,0.0,0.0,0.0,0.0,0,0,0,0
