solar pv,Hour0,Hour1,Hour2,Hour3,Hour4,Hour5,Hour6,Hour7,Hour8,Hour9,Hour10,Hour11,Hour12,Hour13,Hour14,Hour15,Hour16,Hour17,Hour18,Hour19,Hour20,Hour21,Hour22,Hour23
Winter,0,0,0,0,0,0.0,0.0,0.0016739602722599164,0.08104562149157492,0.3011160586235827,0.4060533574519484,0.395305787295015,0.38810348007248846,0.404920087727645,0.42365105456637864,0.4051025259370369,0.22525902396765723,0.03717792623803511,0.0,0.0,0.0,0,0,0
Spring,0,0,0,0,0,0.0045845655207344994,0.1004770548132091,0.31243993575980056,0.515527809226865,0.6305273859130279,0.6656094867698654,0.6821351269013006,0.6872665570447624,0.688705710473427,0.6834169584247406,0.6715340245181449,0.6158540402135432,0.4684208427445875,0.20217814244989518,0.026962580526530833,0.0,0,0,0
Summer,0,0,0,0,0,0.015766909839490837,0.21077265542908483,0.4880979016615255,0.6374094094637012,0.7184468269938536,0.7578601233375063,0.7698042917098119,0.7761897527641755,0.7786906285679208,0.7755224908902912,0.7727217993177383,0.7402143921241244,0.640653495647301,0.41619600442097565,0.12540183314398234,9.04148880602053e-06,0,0,0
Fall,0,0,0,0,0,0.0,0.007917160404245241,0.17703924013990985,0.4759854193051454,0.6026295530110749,0.6218114776389382,0.6076891286450081,0.5994397869064522,0.6035342829184986,0.6175354166739768,0.6121395332295304,0.503881430053884,0.2518816548362923,0.037988855730813585,0.0,0.0,0,0,0
Summer Peak,0,0,0,0,0,0.015039974139486786,0.24716529886051153,0.5412754542400906,0.6878554197761014,0.8336298971573611,0.8494627736991808,0.8494879452040167,0.8389347918015402,0.8279159655595981,0.8453157682774562,0.842911889565622,0.8005922970601622,0.699711198553839,0.4584045674438975,0.1531623140506146,0.0,0,0,0
Winter Peak,0,0,0,0,0,0.0,0.0,0.0007656332720938182,0.12817540025011714,0.45455018076589093,0.5477004808494697,0.4975252812097872,0.46170308339010985,0.4703872525585165,0.4909544696348998,0.48130539278111467,0.3212460864054467,0.05845557591801227,0.0,0.0,0.0,0,0,0
