Unit: dimensionless (ratio of electricity demand in this hour to annual demand),Hour0,Hour1,Hour2,Hour3,Hour4,Hour5,Hour6,Hour7,Hour8,Hour9,Hour10,Hour11,Hour12,Hour13,Hour14,Hour15,Hour16,Hour17,Hour18,Hour19,Hour20,Hour21,Hour22,Hour23
Winter,0.0,0.0,0.0,0.0,0.0,0.0,0.0,0.0,0.0,0.0,0.0,0.0,0.0,0.0,0.0,0.0,0.0,0.0,0.0,0.0,0.0,0.0,0.0,0.0
Spring,0.10201712567368668,0.10201712567368668,0.10201712567368668,0.10201712567368668,0.10201712567368668,0.10201712567368668,0.10201712567368668,0.10201712567368668,0.10201712567368668,0.10201712567368668,0.10201712567368668,0.11190608760321229,0.11378969939931244,0.1286186998129497,0.13381640217482973,0.15052901438456712,0.20699294346105893,0.25132890035983063,0.23474067760832626,0.22074686355711073,0.17001373452064053,0.10201712567368668,0.10201712567368668,0.10201712567368668
Summer,0.21788590601775112,0.21788590601775112,0.21788590601775112,0.21788590601775112,0.21788590601775112,0.21788590601775112,0.21788590601775112,0.21788590601775112,0.21788590601775112,0.2779215895377913,0.3455539149713484,0.4530974865751022,0.5389262127558906,0.6244084254458869,0.7074117339325251,0.7062566889632185,0.7589445094862076,0.9009617309431148,0.6888954745784088,0.5703700908049394,0.32016069556920623,0.21788590601775112,0.21788590601775112,0.21788590601775112
Fall,0.0,0.0,0.0,0.0,0.0,0.0,0.0,0.0,0.0,0.0,0.0,0.0,0.0,0.0,0.0,0.0,0.00284085713510182,0.00284085713510182,0.00284085713510182,0.0,0.0,0.0,0.0,0.0
Summer Peak,0.0,0.0,0.0,0.0,0.0,0.0,0.0,0.0,0.0,0.0,0.0,0.0,0.0,0.0,0.0,0.0,0.0,0.0,0.0,0.0,0.0,0.0,0.0,0.0
Winter Peak,0.0,0.0,0.0,0.0,0.0,0.0,0.0,0.0,0.0,0.0,0.0,0.0,0.0,0.0,0.0,0.0,0.0,0.0,0.0,0.0,0.0,0.0,0.0,0.0
